Name,Phone
Aaron Anderson,610-555-0101
Abigail Adams,215-555-0102
Adrian Archer,484-555-0103
Adrian Atwater,302-555-0999
Alan Austin,302-555-0104
Alex Avery,610-555-0105
Alice Almond,215-555-0106
Amanda Asher,484-555-0107
Amber Atkins,302-555-0108
Andrew Apple,610-555-0109
Anthony Astin,215-555-0110
Barbara Bell,484-555-0111
Barry Bond,302-555-0112
Beatrice Boyd,610-555-0113
Benjamin Blair,215-555-0114
Bernard Birch,484-555-0115
Bethany Brooks,302-555-0116
Blake Baker,610-555-0117
Brandon Black,215-555-0118
Brenda Brown,484-555-0119
Brian Burke,302-555-0120
Caleb Clark,610-555-0121
Cameron Cole,215-555-0122
Carl Carlson,484-555-0123
Cassie Casey,302-555-0124
Catherine Carr,610-555-0125
Charles Chase,215-555-0126
Charles Clark,484-555-0888
Chloe Crane,484-555-0127
Chris Craft,302-555-0128
Cody Cook,610-555-0129
Connor Cross,215-555-0130
Daisy Dale,484-555-0131
Daniel Dunn,302-555-0132
David Day,610-555-0133
Deborah Deal,215-555-0134
Dennis Drew,484-555-0135
Diana Duke,302-555-0136
Donald Drake,610-555-0137
Douglas Dye,215-555-0138
Dylan Dash,484-555-0139
Edward Edge,302-555-0140
Eleanor Eels,610-555-0141
Elias Elks,215-555-0142
Elizabeth Ems,484-555-0143
Emily Ernst,302-555-0144
Eric Evans,610-555-0145
Ethan Ewan,215-555-0146
Eva Everly,484-555-0147
Ezra Eagle,302-555-0148
Faith Finch,610-555-0149
Felicia Frost,215-555-0150
Fiona Flynn,484-555-0151
Frank Ford,302-555-0152
Freddie Fox,610-555-0153
Gabriel Glass,215-555-0154
Gavin Grant,484-555-0155
George Gills,302-555-0156
Grace Green,610-555-0157
Gregory Grey,215-555-0158
Hannah Hall,484-555-0159
Harold Holt,302-555-0160
Heather Hill,610-555-0161
Henry Hope,215-555-0162
Holly Hunt,484-555-0163
Isaac Inch,302-555-0164
Isabel Ivy,610-555-0165
Jacob Jett,484-555-0167
James Jinx,302-555-0168
Jane Jost,610-555-0169
Xander Xavier,215-555-0170
Xenia Xerox,484-555-0171
Yara Yard,302-555-0172
Yasmine York,610-555-0173
Yusuf Young,215-555-0174
Zachary Zane,484-555-0175
Zelda Zwick,302-555-0176
Zion Adams,610-555-0777
Bobby Bogart,444-233-4451
Bobby Brown,215-555-0666
